{
  "timestamp": "2025-10-22T03:08:37.197704+00:00",
  "mode": "exploration",
  "entropy": 2.117353,
  "divergence": 0.112,
  "energy_mean": -0.438,
  "energy_variance": 0.021,
  "energy_trend": -0.014,
  "exploration_ratio": 0.72,
  "effective_temperature": 1.34,
  "lattice_edge": 16,
  "alerts": [],
  "lattice": [
    [
      0.059792,
      0.121054,
      0.158299,
      0.166477,
      0.145793,
      0.101595,
      0.043355,
      -0.017073,
      -0.067598,
      -0.098082,
      -0.102176,
      -0.078474,
      -0.030794,
      0.032466,
      0.099806,
      0.158647
    ],
    [
      0.088836,
      0.141224,
      0.166928,
      0.162979,
      0.131733,
      0.080376,
      0.019589,
      -0.038407,
      -0.082057,
      -0.102567,
      -0.095491,
      -0.061555,
      -0.006558,
      0.059635,
      0.124823,
      0.176634
    ],
    [
      0.114654,
      0.156836,
      0.170478,
      0.154766,
      0.114126,
      0.05736,
      -0.003965,
      -0.057628,
      -0.092959,
      -0.102766,
      -0.084646,
      -0.041442,
      0.019237,
      0.086343,
      0.147335,
      0.190412
    ],
    [
      0.136598,
      0.167553,
      0.168971,
      0.142207,
      0.093611,
      0.033336,
      -0.026516,
      -0.074089,
      -0.099916,
      -0.098628,
      -0.069939,
      -0.018728,
      0.045805,
      0.111751,
      0.166601,
      0.199474
    ],
    [
      0.154139,
      0.173183,
      0.162578,
      0.125793,
      0.070907,
      0.009114,
      -0.047311,
      -0.087234,
      -0.102672,
      -0.090244,
      -0.051794,
      0.005903,
      0.072322,
      0.135045,
      0.181961,
      0.203439
    ],
    [
      0.166877,
      0.173683,
      0.151609,
      0.106124,
      0.046788,
      -0.014499,
      -0.065659,
      -0.096613,
      -0.101105,
      -0.077841,
      -0.030749,
      0.031695,
      0.097951,
      0.155456,
      0.192859,
      0.202066
    ],
    [
      0.174554,
      0.169158,
      0.136503,
      0.083888,
      0.022064,
      -0.036723,
      -0.080952,
      -0.101902,
      -0.095231,
      -0.061779,
      -0.007443,
      0.057846,
      0.12187,
      0.172291,
      0.198858,
      0.195263
    ],
    [
      0.177062,
      0.159857,
      0.117816,
      0.059842,
      -0.002447,
      -0.05683,
      -0.092684,
      -0.102907,
      -0.085208,
      -0.042538,
      0.017406,
      0.083527,
      0.14329,
      0.184948,
      0.199655,
      0.183087
    ],
    [
      0.174441,
      0.146166,
      0.096203,
      0.034788,
      -0.025945,
      -0.074162,
      -0.100462,
      -0.099575,
      -0.071329,
      -0.020706,
      0.04302,
      0.107913,
      0.161486,
      0.192936,
      0.195092,
      0.16575
    ],
    [
      0.166879,
      0.128595,
      0.072399,
      0.00955,
      -0.047667,
      -0.088158,
      -0.104024,
      -0.091989,
      -0.054011,
      0.003041,
      0.068587,
      0.1302,
      0.175815,
      0.195893,
      0.185159,
      0.143608
    ],
    [
      0.154705,
      0.107759,
      0.047192,
      -0.015055,
      -0.066914,
      -0.098364,
      -0.103244,
      -0.080375,
      -0.033789,
      0.027956,
      0.093282,
      0.149637,
      0.185737,
      0.193595,
      0.169999,
      0.117159
    ],
    [
      0.138376,
      0.084365,
      0.021406,
      -0.038236,
      -0.083069,
      -0.104447,
      -0.098135,
      -0.065085,
      -0.011292,
      0.053245,
      0.116291,
      0.165542,
      0.19083,
      0.185964,
      0.149904,
      0.087024
    ],
    [
      0.118468,
      0.059185,
      -0.00413,
      -0.059256,
      -0.095621,
      -0.106212,
      -0.08885,
      -0.046595,
      0.012767,
      0.07809,
      0.136842,
      0.17733,
      0.190807,
      0.173075,
      0.125307,
      0.053935
    ],
    [
      0.095653,
      0.033036,
      -0.028603,
      -0.07745,
      -0.104171,
      -0.103599,
      -0.075676,
      -0.025487,
      0.037618,
      0.101675,
      0.15422,
      0.184523,
      0.185524,
      0.155152,
      0.096775,
      0.018711
    ],
    [
      0.070682,
      0.006753,
      -0.051241,
      -0.092249,
      -0.108454,
      -0.09669,
      -0.059029,
      -0.002433,
      0.062458,
      0.123208,
      0.167796,
      0.186774,
      0.174987,
      0.132565,
      0.064991,
      -0.017758
    ],
    [
      0.044359,
      -0.018832,
      -0.071336,
      -0.103193,
      -0.108338,
      -0.085705,
      -0.039437,
      0.021827,
      0.086468,
      0.141947,
      0.177042,
      0.18387,
      0.159349,
      0.105818,
      0.030735,
      -0.054541
    ]
  ],
  "fingerprint": "a6c5387f55fc468b587b058a27804a851c88cd07418b06ae23c71b9059a765d4"
}