{
  "timestamp": "2025-10-21T19:33:11.801087+00:00",
  "memory_bound": true,
  "compute_bound": false,
  "occupancy": 0.8991694179074333,
  "sm_efficiency": 0.8445368417247077,
  "achieved_bandwidth": 0.9231118778896423,
  "achieved_flop": 0.8718531298160705,
  "notes": "Derived from meta selection runtime metrics (occupancy=0.899, sm_eff=0.845)."
}